"C_HLEVEL"	"C_FULLNAME"	"C_NAME"	"C_SYNONYM_CD"	"C_VISUALATTRIBUTES"	"C_TOTALNUM"	"C_BASECODE"	"C_METADATAXML"	"C_FACTTABLECOLUMN"	"C_TABLENAME"	"C_COLUMNNAME"	"C_COLUMNDATATYPE"	"C_OPERATOR"	"C_DIMCODE"	"C_COMMENT"	"C_TOOLTIP"	"M_APPLIED_PATH"	"UPDATE_DATE"	"DOWNLOAD_DATE"	"IMPORT_DATE"	"SOURCESYSTEM_CD"	"VALUETYPE_CD"	"M_EXCLUSION_CD"	"C_PATH"	"C_SYMBOL"
5	"\ACT\UMLS_C0031437\SNOMED_3947185011\UMLS_C0022885\UMLS_C1335447\"	"ANY Active Infection Test Positive"	"N"	"FA "		"UMLS:C1335447"	" "	"concept_cd"	"concept_dimension"	"concept_path"	"T"	"LIKE"	"\ACT\UMLS_C0031437\SNOMED_3947185011\UMLS_C0022885\UMLS_C1335447\"	"ACT Version:V4.0_RC1, UMLS Version:2020AB, Term Type:FA, Valid:-, CUI:CUSTOM ONTOLOGY"	"COVID\ACT Phenotype\COVID-19 Related Terms\Diagnostic Laborator...aboratory Tests\ANY Active Infection...n Test Positive\"	"@"	24-MAY-21	24-MAY-21	24-MAY-21	"ACT"	""	""	""	""
6	"\ACT\UMLS_C0031437\SNOMED_3947185011\UMLS_C0022885\UMLS_C1335447\LOINC_100156-9 POSITIVE\"	"LOINC:100156-9 POSITIVE"	"N"	"LA "		"LOINC:100156-9 POSITIVE"	""	"concept_cd"	"concept_dimension"	"concept_path"	"T"	"LIKE"	"\ACT\UMLS_C0031437\SNOMED_3947185011\UMLS_C0022885\UMLS_C1335447\LOINC_100156-9 POSITIVE\"	"V4 diagnostic test"	"ACT Phenotype\COVID-19 Related Terms\Diagnostic Lab Tests\ANY Active Lab Test Positive"	"@"	28-FEB-23	28-FEB-23	28-FEB-23	"ACT 2.72"	""	""	""	""
6	"\ACT\UMLS_C0031437\SNOMED_3947185011\UMLS_C0022885\UMLS_C1335447\LOINC_100157-7 POSITIVE\"	"LOINC:100157-7 POSITIVE"	"N"	"LA "		"LOINC:100157-7 POSITIVE"	""	"concept_cd"	"concept_dimension"	"concept_path"	"T"	"LIKE"	"\ACT\UMLS_C0031437\SNOMED_3947185011\UMLS_C0022885\UMLS_C1335447\LOINC_100157-7 POSITIVE\"	"V4 diagnostic test"	"ACT Phenotype\COVID-19 Related Terms\Diagnostic Lab Tests\ANY Active Lab Test Positive"	"@"	28-FEB-23	28-FEB-23	28-FEB-23	"ACT 2.72"	""	""	""	""
6	"\ACT\UMLS_C0031437\SNOMED_3947185011\UMLS_C0022885\UMLS_C1335447\LOINC_100342-5 POSITIVE\"	"LOINC:100342-5 POSITIVE"	"N"	"LA "		"LOINC:100342-5 POSITIVE"	""	"concept_cd"	"concept_dimension"	"concept_path"	"T"	"LIKE"	"\ACT\UMLS_C0031437\SNOMED_3947185011\UMLS_C0022885\UMLS_C1335447\LOINC_100342-5 POSITIVE\"	"V4 diagnostic test"	"ACT Phenotype\COVID-19 Related Terms\Diagnostic Lab Tests\ANY Active Lab Test Positive"	"@"	28-FEB-23	28-FEB-23	28-FEB-23	"ACT 2.73"	""	""	""	""
6	"\ACT\UMLS_C0031437\SNOMED_3947185011\UMLS_C0022885\UMLS_C1335447\LOINC_94307-6 POSITIVE\"	"LOINC:94307-6 POSITIVE"	"N"	"LA "		"LOINC:94307-6 POSITIVE"	" "	"concept_cd"	"concept_dimension"	"concept_path"	"T"	"LIKE"	"\ACT\UMLS_C0031437\SNOMED_3947185011\UMLS_C0022885\UMLS_C1335447\LOINC_94307-6 POSITIVE\"	"ACT Version:V4.0_RC1, UMLS Version:2020AB, Term Type:LA, Valid:-, CUI:CUSTOM ONTOLOGY"	"COVID\ACT Phenotype\COVID-19 Related Terms\Diagnostic Laborator...aboratory Tests\ANY Active Infection...n Test Positive\LOINC:94307-6 POSITIVE\"	"@"	24-MAY-21	24-MAY-21	24-MAY-21	"ACT"	""	""	""	""
6	"\ACT\UMLS_C0031437\SNOMED_3947185011\UMLS_C0022885\UMLS_C1335447\LOINC_94308-4 POSITIVE\"	"LOINC:94308-4 POSITIVE"	"N"	"LA "		"LOINC:94308-4 POSITIVE"	" "	"concept_cd"	"concept_dimension"	"concept_path"	"T"	"LIKE"	"\ACT\UMLS_C0031437\SNOMED_3947185011\UMLS_C0022885\UMLS_C1335447\LOINC_94308-4 POSITIVE\"	"ACT Version:V4.0_RC1, UMLS Version:2020AB, Term Type:LA, Valid:-, CUI:CUSTOM ONTOLOGY"	"COVID\ACT Phenotype\COVID-19 Related Terms\Diagnostic Laborator...aboratory Tests\ANY Active Infection...n Test Positive\LOINC:94308-4 POSITIVE\"	"@"	24-MAY-21	24-MAY-21	24-MAY-21	"ACT"	""	""	""	""
6	"\ACT\UMLS_C0031437\SNOMED_3947185011\UMLS_C0022885\UMLS_C1335447\LOINC_94309-2 POSITIVE\"	"LOINC:94309-2 POSITIVE"	"N"	"LA "		"LOINC:94309-2 POSITIVE"	" "	"concept_cd"	"concept_dimension"	"concept_path"	"T"	"LIKE"	"\ACT\UMLS_C0031437\SNOMED_3947185011\UMLS_C0022885\UMLS_C1335447\LOINC_94309-2 POSITIVE\"	"ACT Version:V4.0_RC1, UMLS Version:2020AB, Term Type:LA, Valid:-, CUI:CUSTOM ONTOLOGY"	"COVID\ACT Phenotype\COVID-19 Related Terms\Diagnostic Laborator...aboratory Tests\ANY Active Infection...n Test Positive\LOINC:94309-2 POSITIVE\"	"@"	24-MAY-21	24-MAY-21	24-MAY-21	"ACT"	""	""	""	""
6	"\ACT\UMLS_C0031437\SNOMED_3947185011\UMLS_C0022885\UMLS_C1335447\LOINC_94310-0 POSITIVE\"	"LOINC:94310-0 POSITIVE"	"N"	"LA "		"LOINC:94310-0 POSITIVE"	" "	"concept_cd"	"concept_dimension"	"concept_path"	"T"	"LIKE"	"\ACT\UMLS_C0031437\SNOMED_3947185011\UMLS_C0022885\UMLS_C1335447\LOINC_94310-0 POSITIVE\"	"ACT Version:V4.0_RC1, UMLS Version:2020AB, Term Type:LA, Valid:-, CUI:CUSTOM ONTOLOGY"	"COVID\ACT Phenotype\COVID-19 Related Terms\Diagnostic Laborator...aboratory Tests\ANY Active Infection...n Test Positive\LOINC:94310-0 POSITIVE\"	"@"	24-MAY-21	24-MAY-21	24-MAY-21	"ACT"	""	""	""	""
6	"\ACT\UMLS_C0031437\SNOMED_3947185011\UMLS_C0022885\UMLS_C1335447\LOINC_94311-8 POSITIVE\"	"LOINC:94311-8 POSITIVE"	"N"	"LA "		"LOINC:94311-8 POSITIVE"	" "	"concept_cd"	"concept_dimension"	"concept_path"	"T"	"LIKE"	"\ACT\UMLS_C0031437\SNOMED_3947185011\UMLS_C0022885\UMLS_C1335447\LOINC_94311-8 POSITIVE\"	"ACT Version:V4.0_RC1, UMLS Version:2020AB, Term Type:LA, Valid:-, CUI:CUSTOM ONTOLOGY"	"COVID\ACT Phenotype\COVID-19 Related Terms\Diagnostic Laborator...aboratory Tests\ANY Active Infection...n Test Positive\LOINC:94311-8 POSITIVE\"	"@"	24-MAY-21	24-MAY-21	24-MAY-21	"ACT"	""	""	""	""
6	"\ACT\UMLS_C0031437\SNOMED_3947185011\UMLS_C0022885\UMLS_C1335447\LOINC_94312-6 POSITIVE\"	"LOINC:94312-6 POSITIVE"	"N"	"LA "		"LOINC:94312-6 POSITIVE"	" "	"concept_cd"	"concept_dimension"	"concept_path"	"T"	"LIKE"	"\ACT\UMLS_C0031437\SNOMED_3947185011\UMLS_C0022885\UMLS_C1335447\LOINC_94312-6 POSITIVE\"	"ACT Version:V4.0_RC1, UMLS Version:2020AB, Term Type:LA, Valid:-, CUI:CUSTOM ONTOLOGY"	"COVID\ACT Phenotype\COVID-19 Related Terms\Diagnostic Laborator...aboratory Tests\ANY Active Infection...n Test Positive\LOINC:94312-6 POSITIVE\"	"@"	24-MAY-21	24-MAY-21	24-MAY-21	"ACT"	""	""	""	""
6	"\ACT\UMLS_C0031437\SNOMED_3947185011\UMLS_C0022885\UMLS_C1335447\LOINC_94313-4 POSITIVE\"	"LOINC:94313-4 POSITIVE"	"N"	"LA "		"LOINC:94313-4 POSITIVE"	" "	"concept_cd"	"concept_dimension"	"concept_path"	"T"	"LIKE"	"\ACT\UMLS_C0031437\SNOMED_3947185011\UMLS_C0022885\UMLS_C1335447\LOINC_94313-4 POSITIVE\"	"ACT Version:V4.0_RC1, UMLS Version:2020AB, Term Type:LA, Valid:-, CUI:CUSTOM ONTOLOGY"	"COVID\ACT Phenotype\COVID-19 Related Terms\Diagnostic Laborator...aboratory Tests\ANY Active Infection...n Test Positive\LOINC:94313-4 POSITIVE\"	"@"	24-MAY-21	24-MAY-21	24-MAY-21	"ACT"	""	""	""	""
6	"\ACT\UMLS_C0031437\SNOMED_3947185011\UMLS_C0022885\UMLS_C1335447\LOINC_94314-2 POSITIVE\"	"LOINC:94314-2 POSITIVE"	"N"	"LA "		"LOINC:94314-2 POSITIVE"	" "	"concept_cd"	"concept_dimension"	"concept_path"	"T"	"LIKE"	"\ACT\UMLS_C0031437\SNOMED_3947185011\UMLS_C0022885\UMLS_C1335447\LOINC_94314-2 POSITIVE\"	"ACT Version:V4.0_RC1, UMLS Version:2020AB, Term Type:LA, Valid:-, CUI:CUSTOM ONTOLOGY"	"COVID\ACT Phenotype\COVID-19 Related Terms\Diagnostic Laborator...aboratory Tests\ANY Active Infection...n Test Positive\LOINC:94314-2 POSITIVE\"	"@"	24-MAY-21	24-MAY-21	24-MAY-21	"ACT"	""	""	""	""
6	"\ACT\UMLS_C0031437\SNOMED_3947185011\UMLS_C0022885\UMLS_C1335447\LOINC_94315-9 POSITIVE\"	"LOINC:94315-9 POSITIVE"	"N"	"LA "		"LOINC:94315-9 POSITIVE"	" "	"concept_cd"	"concept_dimension"	"concept_path"	"T"	"LIKE"	"\ACT\UMLS_C0031437\SNOMED_3947185011\UMLS_C0022885\UMLS_C1335447\LOINC_94315-9 POSITIVE\"	"ACT Version:V4.0_RC1, UMLS Version:2020AB, Term Type:LA, Valid:-, CUI:CUSTOM ONTOLOGY"	"COVID\ACT Phenotype\COVID-19 Related Terms\Diagnostic Laborator...aboratory Tests\ANY Active Infection...n Test Positive\LOINC:94315-9 POSITIVE\"	"@"	24-MAY-21	24-MAY-21	24-MAY-21	"ACT"	""	""	""	""
6	"\ACT\UMLS_C0031437\SNOMED_3947185011\UMLS_C0022885\UMLS_C1335447\LOINC_94316-7 POSITIVE\"	"LOINC:94316-7 POSITIVE"	"N"	"LA "		"LOINC:94316-7 POSITIVE"	" "	"concept_cd"	"concept_dimension"	"concept_path"	"T"	"LIKE"	"\ACT\UMLS_C0031437\SNOMED_3947185011\UMLS_C0022885\UMLS_C1335447\LOINC_94316-7 POSITIVE\"	"ACT Version:V4.0_RC1, UMLS Version:2020AB, Term Type:LA, Valid:-, CUI:CUSTOM ONTOLOGY"	"COVID\ACT Phenotype\COVID-19 Related Terms\Diagnostic Laborator...aboratory Tests\ANY Active Infection...n Test Positive\LOINC:94316-7 POSITIVE\"	"@"	24-MAY-21	24-MAY-21	24-MAY-21	"ACT"	""	""	""	""
6	"\ACT\UMLS_C0031437\SNOMED_3947185011\UMLS_C0022885\UMLS_C1335447\LOINC_94500-6 POSITIVE\"	"LOINC:94500-6 POSITIVE"	"N"	"LA "		"LOINC:94500-6 POSITIVE"	" "	"concept_cd"	"concept_dimension"	"concept_path"	"T"	"LIKE"	"\ACT\UMLS_C0031437\SNOMED_3947185011\UMLS_C0022885\UMLS_C1335447\LOINC_94500-6 POSITIVE\"	"ACT Version:V4.0_RC1, UMLS Version:2020AB, Term Type:LA, Valid:-, CUI:CUSTOM ONTOLOGY"	"COVID\ACT Phenotype\COVID-19 Related Terms\Diagnostic Laborator...aboratory Tests\ANY Active Infection...n Test Positive\LOINC:94500-6 POSITIVE\"	"@"	24-MAY-21	24-MAY-21	24-MAY-21	"ACT"	""	""	""	""
6	"\ACT\UMLS_C0031437\SNOMED_3947185011\UMLS_C0022885\UMLS_C1335447\LOINC_94502-2 POSITIVE\"	"LOINC:94502-2 POSITIVE"	"N"	"LA "		"LOINC:94502-2 POSITIVE"	" "	"concept_cd"	"concept_dimension"	"concept_path"	"T"	"LIKE"	"\ACT\UMLS_C0031437\SNOMED_3947185011\UMLS_C0022885\UMLS_C1335447\LOINC_94502-2 POSITIVE\"	"ACT Version:V4.0_RC1, UMLS Version:2020AB, Term Type:LA, Valid:-, CUI:CUSTOM ONTOLOGY"	"COVID\ACT Phenotype\COVID-19 Related Terms\Diagnostic Laborator...aboratory Tests\ANY Active Infection...n Test Positive\LOINC:94502-2 POSITIVE\"	"@"	24-MAY-21	24-MAY-21	24-MAY-21	"ACT"	""	""	""	""
6	"\ACT\UMLS_C0031437\SNOMED_3947185011\UMLS_C0022885\UMLS_C1335447\LOINC_94509-7 POSITIVE\"	"LOINC:94509-7 POSITIVE"	"N"	"LA "		"LOINC:94509-7 POSITIVE"	" "	"concept_cd"	"concept_dimension"	"concept_path"	"T"	"LIKE"	"\ACT\UMLS_C0031437\SNOMED_3947185011\UMLS_C0022885\UMLS_C1335447\LOINC_94509-7 POSITIVE\"	"ACT Version:V4.0_RC1, UMLS Version:2020AB, Term Type:LA, Valid:-, CUI:CUSTOM ONTOLOGY"	"COVID\ACT Phenotype\COVID-19 Related Terms\Diagnostic Laborator...aboratory Tests\ANY Active Infection...n Test Positive\LOINC:94509-7 POSITIVE\"	"@"	24-MAY-21	24-MAY-21	24-MAY-21	"ACT"	""	""	""	""
6	"\ACT\UMLS_C0031437\SNOMED_3947185011\UMLS_C0022885\UMLS_C1335447\LOINC_94510-5 POSITIVE\"	"LOINC:94510-5 POSITIVE"	"N"	"LA "		"LOINC:94510-5 POSITIVE"	" "	"concept_cd"	"concept_dimension"	"concept_path"	"T"	"LIKE"	"\ACT\UMLS_C0031437\SNOMED_3947185011\UMLS_C0022885\UMLS_C1335447\LOINC_94510-5 POSITIVE\"	"ACT Version:V4.0_RC1, UMLS Version:2020AB, Term Type:LA, Valid:-, CUI:CUSTOM ONTOLOGY"	"COVID\ACT Phenotype\COVID-19 Related Terms\Diagnostic Laborator...aboratory Tests\ANY Active Infection...n Test Positive\LOINC:94510-5 POSITIVE\"	"@"	24-MAY-21	24-MAY-21	24-MAY-21	"ACT"	""	""	""	""
6	"\ACT\UMLS_C0031437\SNOMED_3947185011\UMLS_C0022885\UMLS_C1335447\LOINC_94511-3 POSITIVE\"	"LOINC:94511-3 POSITIVE"	"N"	"LA "		"LOINC:94511-3 POSITIVE"	" "	"concept_cd"	"concept_dimension"	"concept_path"	"T"	"LIKE"	"\ACT\UMLS_C0031437\SNOMED_3947185011\UMLS_C0022885\UMLS_C1335447\LOINC_94511-3 POSITIVE\"	"ACT Version:V4.0_RC1, UMLS Version:2020AB, Term Type:LA, Valid:-, CUI:CUSTOM ONTOLOGY"	"COVID\ACT Phenotype\COVID-19 Related Terms\Diagnostic Laborator...aboratory Tests\ANY Active Infection...n Test Positive\LOINC:94511-3 POSITIVE\"	"@"	24-MAY-21	24-MAY-21	24-MAY-21	"ACT"	""	""	""	""
6	"\ACT\UMLS_C0031437\SNOMED_3947185011\UMLS_C0022885\UMLS_C1335447\LOINC_94532-9 POSITIVE\"	"LOINC:94532-9 POSITIVE"	"N"	"LA "		"LOINC:94532-9 POSITIVE"	" "	"concept_cd"	"concept_dimension"	"concept_path"	"T"	"LIKE"	"\ACT\UMLS_C0031437\SNOMED_3947185011\UMLS_C0022885\UMLS_C1335447\LOINC_94532-9 POSITIVE\"	"ACT Version:V4.0_RC1, UMLS Version:2020AB, Term Type:LA, Valid:-, CUI:CUSTOM ONTOLOGY"	"COVID\ACT Phenotype\COVID-19 Related Terms\Diagnostic Laborator...aboratory Tests\ANY Active Infection...n Test Positive\LOINC:94532-9 POSITIVE\"	"@"	24-MAY-21	24-MAY-21	24-MAY-21	"ACT"	""	""	""	""
6	"\ACT\UMLS_C0031437\SNOMED_3947185011\UMLS_C0022885\UMLS_C1335447\LOINC_94533-7 POSITIVE\"	"LOINC:94533-7 POSITIVE"	"N"	"LA "		"LOINC:94533-7 POSITIVE"	" "	"concept_cd"	"concept_dimension"	"concept_path"	"T"	"LIKE"	"\ACT\UMLS_C0031437\SNOMED_3947185011\UMLS_C0022885\UMLS_C1335447\LOINC_94533-7 POSITIVE\"	"ACT Version:V4.0_RC1, UMLS Version:2020AB, Term Type:LA, Valid:-, CUI:CUSTOM ONTOLOGY"	"COVID\ACT Phenotype\COVID-19 Related Terms\Diagnostic Laborator...aboratory Tests\ANY Active Infection...n Test Positive\LOINC:94533-7 POSITIVE\"	"@"	24-MAY-21	24-MAY-21	24-MAY-21	"ACT"	""	""	""	""
6	"\ACT\UMLS_C0031437\SNOMED_3947185011\UMLS_C0022885\UMLS_C1335447\LOINC_94534-5 POSITIVE\"	"LOINC:94534-5 POSITIVE"	"N"	"LA "		"LOINC:94534-5 POSITIVE"	" "	"concept_cd"	"concept_dimension"	"concept_path"	"T"	"LIKE"	"\ACT\UMLS_C0031437\SNOMED_3947185011\UMLS_C0022885\UMLS_C1335447\LOINC_94534-5 POSITIVE\"	"ACT Version:V4.0_RC1, UMLS Version:2020AB, Term Type:LA, Valid:-, CUI:CUSTOM ONTOLOGY"	"COVID\ACT Phenotype\COVID-19 Related Terms\Diagnostic Laborator...aboratory Tests\ANY Active Infection...n Test Positive\LOINC:94534-5 POSITIVE\"	"@"	24-MAY-21	24-MAY-21	24-MAY-21	"ACT"	""	""	""	""
6	"\ACT\UMLS_C0031437\SNOMED_3947185011\UMLS_C0022885\UMLS_C1335447\LOINC_94558-4 POSITIVE\"	"LOINC:94558-4 POSITIVE"	"N"	"LA "		"LOINC:94558-4 POSITIVE"	" "	"concept_cd"	"concept_dimension"	"concept_path"	"T"	"LIKE"	"\ACT\UMLS_C0031437\SNOMED_3947185011\UMLS_C0022885\UMLS_C1335447\LOINC_94558-4 POSITIVE\"	"ACT Version:V4.0_RC1, UMLS Version:2020AB, Term Type:LA, Valid:-, CUI:CUSTOM ONTOLOGY"	"COVID\ACT Phenotype\COVID-19 Related Terms\Diagnostic Laborator...aboratory Tests\ANY Active Infection...n Test Positive\LOINC:94558-4 POSITIVE\"	"@"	24-MAY-21	24-MAY-21	24-MAY-21	"ACT"	""	""	""	""
6	"\ACT\UMLS_C0031437\SNOMED_3947185011\UMLS_C0022885\UMLS_C1335447\LOINC_94559-2 POSITIVE\"	"LOINC:94559-2 POSITIVE"	"N"	"LA "		"LOINC:94559-2 POSITIVE"	" "	"concept_cd"	"concept_dimension"	"concept_path"	"T"	"LIKE"	"\ACT\UMLS_C0031437\SNOMED_3947185011\UMLS_C0022885\UMLS_C1335447\LOINC_94559-2 POSITIVE\"	"ACT Version:V4.0_RC1, UMLS Version:2020AB, Term Type:LA, Valid:-, CUI:CUSTOM ONTOLOGY"	"COVID\ACT Phenotype\COVID-19 Related Terms\Diagnostic Laborator...aboratory Tests\ANY Active Infection...n Test Positive\LOINC:94559-2 POSITIVE\"	"@"	24-MAY-21	24-MAY-21	24-MAY-21	"ACT"	""	""	""	""
6	"\ACT\UMLS_C0031437\SNOMED_3947185011\UMLS_C0022885\UMLS_C1335447\LOINC_94565-9 POSITIVE\"	"LOINC:94565-9 POSITIVE"	"N"	"LA "		"LOINC:94565-9 POSITIVE"	" "	"concept_cd"	"concept_dimension"	"concept_path"	"T"	"LIKE"	"\ACT\UMLS_C0031437\SNOMED_3947185011\UMLS_C0022885\UMLS_C1335447\LOINC_94565-9 POSITIVE\"	"ACT Version:V4.0_RC1, UMLS Version:2020AB, Term Type:LA, Valid:-, CUI:CUSTOM ONTOLOGY"	"COVID\ACT Phenotype\COVID-19 Related Terms\Diagnostic Laborator...aboratory Tests\ANY Active Infection...n Test Positive\LOINC:94565-9 POSITIVE\"	"@"	24-MAY-21	24-MAY-21	24-MAY-21	"ACT"	""	""	""	""
6	"\ACT\UMLS_C0031437\SNOMED_3947185011\UMLS_C0022885\UMLS_C1335447\LOINC_94639-2 POSITIVE\"	"LOINC:94639-2 POSITIVE"	"N"	"LA "		"LOINC:94639-2 POSITIVE"	" "	"concept_cd"	"concept_dimension"	"concept_path"	"T"	"LIKE"	"\ACT\UMLS_C0031437\SNOMED_3947185011\UMLS_C0022885\UMLS_C1335447\LOINC_94639-2 POSITIVE\"	"ACT Version:V4.0_RC1, UMLS Version:2020AB, Term Type:LA, Valid:-, CUI:CUSTOM ONTOLOGY"	"COVID\ACT Phenotype\COVID-19 Related Terms\Diagnostic Laborator...aboratory Tests\ANY Active Infection...n Test Positive\LOINC:94639-2 POSITIVE\"	"@"	24-MAY-21	24-MAY-21	24-MAY-21	"ACT"	""	""	""	""
6	"\ACT\UMLS_C0031437\SNOMED_3947185011\UMLS_C0022885\UMLS_C1335447\LOINC_94640-0 POSITIVE\"	"LOINC:94640-0 POSITIVE"	"N"	"LA "		"LOINC:94640-0 POSITIVE"	" "	"concept_cd"	"concept_dimension"	"concept_path"	"T"	"LIKE"	"\ACT\UMLS_C0031437\SNOMED_3947185011\UMLS_C0022885\UMLS_C1335447\LOINC_94640-0 POSITIVE\"	"ACT Version:V4.0_RC1, UMLS Version:2020AB, Term Type:LA, Valid:-, CUI:CUSTOM ONTOLOGY"	"COVID\ACT Phenotype\COVID-19 Related Terms\Diagnostic Laborator...aboratory Tests\ANY Active Infection...n Test Positive\LOINC:94640-0 POSITIVE\"	"@"	24-MAY-21	24-MAY-21	24-MAY-21	"ACT"	""	""	""	""
6	"\ACT\UMLS_C0031437\SNOMED_3947185011\UMLS_C0022885\UMLS_C1335447\LOINC_94641-8 POSITIVE\"	"LOINC:94641-8 POSITIVE"	"N"	"LA "		"LOINC:94641-8 POSITIVE"	" "	"concept_cd"	"concept_dimension"	"concept_path"	"T"	"LIKE"	"\ACT\UMLS_C0031437\SNOMED_3947185011\UMLS_C0022885\UMLS_C1335447\LOINC_94641-8 POSITIVE\"	"ACT Version:V4.0_RC1, UMLS Version:2020AB, Term Type:LA, Valid:-, CUI:CUSTOM ONTOLOGY"	"COVID\ACT Phenotype\COVID-19 Related Terms\Diagnostic Laborator...aboratory Tests\ANY Active Infection...n Test Positive\LOINC:94641-8 POSITIVE\"	"@"	24-MAY-21	24-MAY-21	24-MAY-21	"ACT"	""	""	""	""
6	"\ACT\UMLS_C0031437\SNOMED_3947185011\UMLS_C0022885\UMLS_C1335447\LOINC_94642-6 POSITIVE\"	"LOINC:94642-6 POSITIVE"	"N"	"LA "		"LOINC:94642-6 POSITIVE"	" "	"concept_cd"	"concept_dimension"	"concept_path"	"T"	"LIKE"	"\ACT\UMLS_C0031437\SNOMED_3947185011\UMLS_C0022885\UMLS_C1335447\LOINC_94642-6 POSITIVE\"	"ACT Version:V4.0_RC1, UMLS Version:2020AB, Term Type:LA, Valid:-, CUI:CUSTOM ONTOLOGY"	"COVID\ACT Phenotype\COVID-19 Related Terms\Diagnostic Laborator...aboratory Tests\ANY Active Infection...n Test Positive\LOINC:94642-6 POSITIVE\"	"@"	24-MAY-21	24-MAY-21	24-MAY-21	"ACT"	""	""	""	""
6	"\ACT\UMLS_C0031437\SNOMED_3947185011\UMLS_C0022885\UMLS_C1335447\LOINC_94643-4 POSITIVE\"	"LOINC:94643-4 POSITIVE"	"N"	"LA "		"LOINC:94643-4 POSITIVE"	" "	"concept_cd"	"concept_dimension"	"concept_path"	"T"	"LIKE"	"\ACT\UMLS_C0031437\SNOMED_3947185011\UMLS_C0022885\UMLS_C1335447\LOINC_94643-4 POSITIVE\"	"ACT Version:V4.0_RC1, UMLS Version:2020AB, Term Type:LA, Valid:-, CUI:CUSTOM ONTOLOGY"	"COVID\ACT Phenotype\COVID-19 Related Terms\Diagnostic Laborator...aboratory Tests\ANY Active Infection...n Test Positive\LOINC:94643-4 POSITIVE\"	"@"	24-MAY-21	24-MAY-21	24-MAY-21	"ACT"	""	""	""	""
6	"\ACT\UMLS_C0031437\SNOMED_3947185011\UMLS_C0022885\UMLS_C1335447\LOINC_94644-2 POSITIVE\"	"LOINC:94644-2 POSITIVE"	"N"	"LA "		"LOINC:94644-2 POSITIVE"	" "	"concept_cd"	"concept_dimension"	"concept_path"	"T"	"LIKE"	"\ACT\UMLS_C0031437\SNOMED_3947185011\UMLS_C0022885\UMLS_C1335447\LOINC_94644-2 POSITIVE\"	"ACT Version:V4.0_RC1, UMLS Version:2020AB, Term Type:LA, Valid:-, CUI:CUSTOM ONTOLOGY"	"COVID\ACT Phenotype\COVID-19 Related Terms\Diagnostic Laborator...aboratory Tests\ANY Active Infection...n Test Positive\LOINC:94644-2 POSITIVE\"	"@"	24-MAY-21	24-MAY-21	24-MAY-21	"ACT"	""	""	""	""
6	"\ACT\UMLS_C0031437\SNOMED_3947185011\UMLS_C0022885\UMLS_C1335447\LOINC_94645-9 POSITIVE\"	"LOINC:94645-9 POSITIVE"	"N"	"LA "		"LOINC:94645-9 POSITIVE"	" "	"concept_cd"	"concept_dimension"	"concept_path"	"T"	"LIKE"	"\ACT\UMLS_C0031437\SNOMED_3947185011\UMLS_C0022885\UMLS_C1335447\LOINC_94645-9 POSITIVE\"	"ACT Version:V4.0_RC1, UMLS Version:2020AB, Term Type:LA, Valid:-, CUI:CUSTOM ONTOLOGY"	"COVID\ACT Phenotype\COVID-19 Related Terms\Diagnostic Laborator...aboratory Tests\ANY Active Infection...n Test Positive\LOINC:94645-9 POSITIVE\"	"@"	24-MAY-21	24-MAY-21	24-MAY-21	"ACT"	""	""	""	""
6	"\ACT\UMLS_C0031437\SNOMED_3947185011\UMLS_C0022885\UMLS_C1335447\LOINC_94646-7 POSITIVE\"	"LOINC:94646-7 POSITIVE"	"N"	"LA "		"LOINC:94646-7 POSITIVE"	" "	"concept_cd"	"concept_dimension"	"concept_path"	"T"	"LIKE"	"\ACT\UMLS_C0031437\SNOMED_3947185011\UMLS_C0022885\UMLS_C1335447\LOINC_94646-7 POSITIVE\"	"ACT Version:V4.0_RC1, UMLS Version:2020AB, Term Type:LA, Valid:-, CUI:CUSTOM ONTOLOGY"	"COVID\ACT Phenotype\COVID-19 Related Terms\Diagnostic Laborator...aboratory Tests\ANY Active Infection...n Test Positive\LOINC:94646-7 POSITIVE\"	"@"	24-MAY-21	24-MAY-21	24-MAY-21	"ACT"	""	""	""	""
6	"\ACT\UMLS_C0031437\SNOMED_3947185011\UMLS_C0022885\UMLS_C1335447\LOINC_94647-5 POSITIVE\"	"LOINC:94647-5 POSITIVE"	"N"	"LA "		"LOINC:94647-5 POSITIVE"	" "	"concept_cd"	"concept_dimension"	"concept_path"	"T"	"LIKE"	"\ACT\UMLS_C0031437\SNOMED_3947185011\UMLS_C0022885\UMLS_C1335447\LOINC_94647-5 POSITIVE\"	"ACT Version:V4.0_RC1, UMLS Version:2020AB, Term Type:LA, Valid:-, CUI:CUSTOM ONTOLOGY"	"COVID\ACT Phenotype\COVID-19 Related Terms\Diagnostic Laborator...aboratory Tests\ANY Active Infection...n Test Positive\LOINC:94647-5 POSITIVE\"	"@"	24-MAY-21	24-MAY-21	24-MAY-21	"ACT"	""	""	""	""
6	"\ACT\UMLS_C0031437\SNOMED_3947185011\UMLS_C0022885\UMLS_C1335447\LOINC_94660-8 POSITIVE\"	"LOINC:94660-8 POSITIVE"	"N"	"LA "		"LOINC:94660-8 POSITIVE"	" "	"concept_cd"	"concept_dimension"	"concept_path"	"T"	"LIKE"	"\ACT\UMLS_C0031437\SNOMED_3947185011\UMLS_C0022885\UMLS_C1335447\LOINC_94660-8 POSITIVE\"	"ACT Version:V4.0_RC1, UMLS Version:2020AB, Term Type:LA, Valid:-, CUI:CUSTOM ONTOLOGY"	"COVID\ACT Phenotype\COVID-19 Related Terms\Diagnostic Laborator...aboratory Tests\ANY Active Infection...n Test Positive\LOINC:94660-8 POSITIVE\"	"@"	24-MAY-21	24-MAY-21	24-MAY-21	"ACT"	""	""	""	""
6	"\ACT\UMLS_C0031437\SNOMED_3947185011\UMLS_C0022885\UMLS_C1335447\LOINC_94661-6 POSITIVE\"	"LOINC:94661-6 POSITIVE"	"N"	"LA "		"LOINC:94661-6 POSITIVE"	" "	"concept_cd"	"concept_dimension"	"concept_path"	"T"	"LIKE"	"\ACT\UMLS_C0031437\SNOMED_3947185011\UMLS_C0022885\UMLS_C1335447\LOINC_94661-6 POSITIVE\"	"ACT Version:V4.0_RC1, UMLS Version:2020AB, Term Type:LA, Valid:-, CUI:CUSTOM ONTOLOGY"	"COVID\ACT Phenotype\COVID-19 Related Terms\Diagnostic Laborator...aboratory Tests\ANY Active Infection...n Test Positive\LOINC:94661-6 POSITIVE\"	"@"	24-MAY-21	24-MAY-21	24-MAY-21	"ACT"	""	""	""	""
6	"\ACT\UMLS_C0031437\SNOMED_3947185011\UMLS_C0022885\UMLS_C1335447\LOINC_94745-7 POSITIVE\"	"LOINC:94745-7 POSITIVE"	"N"	"LA "		"LOINC:94745-7 POSITIVE"	" "	"concept_cd"	"concept_dimension"	"concept_path"	"T"	"LIKE"	"\ACT\UMLS_C0031437\SNOMED_3947185011\UMLS_C0022885\UMLS_C1335447\LOINC_94745-7 POSITIVE\"	"ACT Version:V4.0_RC1, UMLS Version:2020AB, Term Type:LA, Valid:-, CUI:CUSTOM ONTOLOGY"	"COVID\ACT Phenotype\COVID-19 Related Terms\Diagnostic Laborator...aboratory Tests\ANY Active Infection...n Test Positive\LOINC:94745-7 POSITIVE\"	"@"	24-MAY-21	24-MAY-21	24-MAY-21	"ACT"	""	""	""	""
6	"\ACT\UMLS_C0031437\SNOMED_3947185011\UMLS_C0022885\UMLS_C1335447\LOINC_94746-5 POSITIVE\"	"LOINC:94746-5 POSITIVE"	"N"	"LA "		"LOINC:94746-5 POSITIVE"	" "	"concept_cd"	"concept_dimension"	"concept_path"	"T"	"LIKE"	"\ACT\UMLS_C0031437\SNOMED_3947185011\UMLS_C0022885\UMLS_C1335447\LOINC_94746-5 POSITIVE\"	"ACT Version:V4.0_RC1, UMLS Version:2020AB, Term Type:LA, Valid:-, CUI:CUSTOM ONTOLOGY"	"COVID\ACT Phenotype\COVID-19 Related Terms\Diagnostic Laborator...aboratory Tests\ANY Active Infection...n Test Positive\LOINC:94746-5 POSITIVE\"	"@"	24-MAY-21	24-MAY-21	24-MAY-21	"ACT"	""	""	""	""
6	"\ACT\UMLS_C0031437\SNOMED_3947185011\UMLS_C0022885\UMLS_C1335447\LOINC_94756-4 POSITIVE\"	"LOINC:94756-4 POSITIVE"	"N"	"LA "		"LOINC:94756-4 POSITIVE"	" "	"concept_cd"	"concept_dimension"	"concept_path"	"T"	"LIKE"	"\ACT\UMLS_C0031437\SNOMED_3947185011\UMLS_C0022885\UMLS_C1335447\LOINC_94756-4 POSITIVE\"	"ACT Version:V4.0_RC1, UMLS Version:2020AB, Term Type:LA, Valid:-, CUI:CUSTOM ONTOLOGY"	"COVID\ACT Phenotype\COVID-19 Related Terms\Diagnostic Laborator...aboratory Tests\ANY Active Infection...n Test Positive\LOINC:94756-4 POSITIVE\"	"@"	24-MAY-21	24-MAY-21	24-MAY-21	"ACT"	""	""	""	""
6	"\ACT\UMLS_C0031437\SNOMED_3947185011\UMLS_C0022885\UMLS_C1335447\LOINC_94757-2 POSITIVE\"	"LOINC:94757-2 POSITIVE"	"N"	"LA "		"LOINC:94757-2 POSITIVE"	" "	"concept_cd"	"concept_dimension"	"concept_path"	"T"	"LIKE"	"\ACT\UMLS_C0031437\SNOMED_3947185011\UMLS_C0022885\UMLS_C1335447\LOINC_94757-2 POSITIVE\"	"ACT Version:V4.0_RC1, UMLS Version:2020AB, Term Type:LA, Valid:-, CUI:CUSTOM ONTOLOGY"	"COVID\ACT Phenotype\COVID-19 Related Terms\Diagnostic Laborator...aboratory Tests\ANY Active Infection...n Test Positive\LOINC:94757-2 POSITIVE\"	"@"	24-MAY-21	24-MAY-21	24-MAY-21	"ACT"	""	""	""	""
6	"\ACT\UMLS_C0031437\SNOMED_3947185011\UMLS_C0022885\UMLS_C1335447\LOINC_94758-0 POSITIVE\"	"LOINC:94758-0 POSITIVE"	"N"	"LA "		"LOINC:94758-0 POSITIVE"	" "	"concept_cd"	"concept_dimension"	"concept_path"	"T"	"LIKE"	"\ACT\UMLS_C0031437\SNOMED_3947185011\UMLS_C0022885\UMLS_C1335447\LOINC_94758-0 POSITIVE\"	"ACT Version:V4.0_RC1, UMLS Version:2020AB, Term Type:LA, Valid:-, CUI:CUSTOM ONTOLOGY"	"COVID\ACT Phenotype\COVID-19 Related Terms\Diagnostic Laborator...aboratory Tests\ANY Active Infection...n Test Positive\LOINC:94758-0 POSITIVE\"	"@"	24-MAY-21	24-MAY-21	24-MAY-21	"ACT"	""	""	""	""
6	"\ACT\UMLS_C0031437\SNOMED_3947185011\UMLS_C0022885\UMLS_C1335447\LOINC_94759-8 POSITIVE\"	"LOINC:94759-8 POSITIVE"	"N"	"LA "		"LOINC:94759-8 POSITIVE"	" "	"concept_cd"	"concept_dimension"	"concept_path"	"T"	"LIKE"	"\ACT\UMLS_C0031437\SNOMED_3947185011\UMLS_C0022885\UMLS_C1335447\LOINC_94759-8 POSITIVE\"	"ACT Version:V4.0_RC1, UMLS Version:2020AB, Term Type:LA, Valid:-, CUI:CUSTOM ONTOLOGY"	"COVID\ACT Phenotype\COVID-19 Related Terms\Diagnostic Laborator...aboratory Tests\ANY Active Infection...n Test Positive\LOINC:94759-8 POSITIVE\"	"@"	24-MAY-21	24-MAY-21	24-MAY-21	"ACT"	""	""	""	""
6	"\ACT\UMLS_C0031437\SNOMED_3947185011\UMLS_C0022885\UMLS_C1335447\LOINC_94760-6 POSITIVE\"	"LOINC:94760-6 POSITIVE"	"N"	"LA "		"LOINC:94760-6 POSITIVE"	" "	"concept_cd"	"concept_dimension"	"concept_path"	"T"	"LIKE"	"\ACT\UMLS_C0031437\SNOMED_3947185011\UMLS_C0022885\UMLS_C1335447\LOINC_94760-6 POSITIVE\"	"ACT Version:V4.0_RC1, UMLS Version:2020AB, Term Type:LA, Valid:-, CUI:CUSTOM ONTOLOGY"	"COVID\ACT Phenotype\COVID-19 Related Terms\Diagnostic Laborator...aboratory Tests\ANY Active Infection...n Test Positive\LOINC:94760-6 POSITIVE\"	"@"	24-MAY-21	24-MAY-21	24-MAY-21	"ACT"	""	""	""	""
6	"\ACT\UMLS_C0031437\SNOMED_3947185011\UMLS_C0022885\UMLS_C1335447\LOINC_94763-0 POSITIVE\"	"LOINC:94763-0 POSITIVE"	"N"	"LA "		"LOINC:94763-0 POSITIVE"	" "	"concept_cd"	"concept_dimension"	"concept_path"	"T"	"LIKE"	"\ACT\UMLS_C0031437\SNOMED_3947185011\UMLS_C0022885\UMLS_C1335447\LOINC_94763-0 POSITIVE\"	"ACT Version:V4.0_RC1, UMLS Version:2020AB, Term Type:LA, Valid:-, CUI:CUSTOM ONTOLOGY"	"COVID\ACT Phenotype\COVID-19 Related Terms\Diagnostic Laborator...aboratory Tests\ANY Active Infection...n Test Positive\LOINC:94763-0 POSITIVE\"	"@"	24-MAY-21	24-MAY-21	24-MAY-21	"ACT"	""	""	""	""
6	"\ACT\UMLS_C0031437\SNOMED_3947185011\UMLS_C0022885\UMLS_C1335447\LOINC_94764-8 POSITIVE\"	"LOINC:94764-8 POSITIVE"	"N"	"LA "		"LOINC:94764-8 POSITIVE"	" "	"concept_cd"	"concept_dimension"	"concept_path"	"T"	"LIKE"	"\ACT\UMLS_C0031437\SNOMED_3947185011\UMLS_C0022885\UMLS_C1335447\LOINC_94764-8 POSITIVE\"	"ACT Version:V4.0_RC1, UMLS Version:2020AB, Term Type:LA, Valid:-, CUI:CUSTOM ONTOLOGY"	"COVID\ACT Phenotype\COVID-19 Related Terms\Diagnostic Laborator...aboratory Tests\ANY Active Infection...n Test Positive\LOINC:94764-8 POSITIVE\"	"@"	24-MAY-21	24-MAY-21	24-MAY-21	"ACT"	""	""	""	""
6	"\ACT\UMLS_C0031437\SNOMED_3947185011\UMLS_C0022885\UMLS_C1335447\LOINC_94765-5 POSITIVE\"	"LOINC:94765-5 POSITIVE"	"N"	"LA "		"LOINC:94765-5 POSITIVE"	" "	"concept_cd"	"concept_dimension"	"concept_path"	"T"	"LIKE"	"\ACT\UMLS_C0031437\SNOMED_3947185011\UMLS_C0022885\UMLS_C1335447\LOINC_94765-5 POSITIVE\"	"ACT Version:V4.0_RC1, UMLS Version:2020AB, Term Type:LA, Valid:-, CUI:CUSTOM ONTOLOGY"	"COVID\ACT Phenotype\COVID-19 Related Terms\Diagnostic Laborator...aboratory Tests\ANY Active Infection...n Test Positive\LOINC:94765-5 POSITIVE\"	"@"	24-MAY-21	24-MAY-21	24-MAY-21	"ACT"	""	""	""	""
6	"\ACT\UMLS_C0031437\SNOMED_3947185011\UMLS_C0022885\UMLS_C1335447\LOINC_94766-3 POSITIVE\"	"LOINC:94766-3 POSITIVE"	"N"	"LA "		"LOINC:94766-3 POSITIVE"	" "	"concept_cd"	"concept_dimension"	"concept_path"	"T"	"LIKE"	"\ACT\UMLS_C0031437\SNOMED_3947185011\UMLS_C0022885\UMLS_C1335447\LOINC_94766-3 POSITIVE\"	"ACT Version:V4.0_RC1, UMLS Version:2020AB, Term Type:LA, Valid:-, CUI:CUSTOM ONTOLOGY"	"COVID\ACT Phenotype\COVID-19 Related Terms\Diagnostic Laborator...aboratory Tests\ANY Active Infection...n Test Positive\LOINC:94766-3 POSITIVE\"	"@"	24-MAY-21	24-MAY-21	24-MAY-21	"ACT"	""	""	""	""
6	"\ACT\UMLS_C0031437\SNOMED_3947185011\UMLS_C0022885\UMLS_C1335447\LOINC_94767-1 POSITIVE\"	"LOINC:94767-1 POSITIVE"	"N"	"LA "		"LOINC:94767-1 POSITIVE"	" "	"concept_cd"	"concept_dimension"	"concept_path"	"T"	"LIKE"	"\ACT\UMLS_C0031437\SNOMED_3947185011\UMLS_C0022885\UMLS_C1335447\LOINC_94767-1 POSITIVE\"	"ACT Version:V4.0_RC1, UMLS Version:2020AB, Term Type:LA, Valid:-, CUI:CUSTOM ONTOLOGY"	"COVID\ACT Phenotype\COVID-19 Related Terms\Diagnostic Laborator...aboratory Tests\ANY Active Infection...n Test Positive\LOINC:94767-1 POSITIVE\"	"@"	24-MAY-21	24-MAY-21	24-MAY-21	"ACT"	""	""	""	""
6	"\ACT\UMLS_C0031437\SNOMED_3947185011\UMLS_C0022885\UMLS_C1335447\LOINC_94819-0 POSITIVE\"	"LOINC:94819-0 POSITIVE"	"N"	"LA "		"LOINC:94819-0 POSITIVE"	" "	"concept_cd"	"concept_dimension"	"concept_path"	"T"	"LIKE"	"\ACT\UMLS_C0031437\SNOMED_3947185011\UMLS_C0022885\UMLS_C1335447\LOINC_94819-0 POSITIVE\"	"ACT Version:V4.0_RC1, UMLS Version:2020AB, Term Type:LA, Valid:-, CUI:CUSTOM ONTOLOGY"	"COVID\ACT Phenotype\COVID-19 Related Terms\Diagnostic Laborator...aboratory Tests\ANY Active Infection...n Test Positive\LOINC:94819-0 POSITIVE\"	"@"	24-MAY-21	24-MAY-21	24-MAY-21	"ACT"	""	""	""	""
6	"\ACT\UMLS_C0031437\SNOMED_3947185011\UMLS_C0022885\UMLS_C1335447\LOINC_94822-4 POSITIVE\"	"LOINC:94822-4 POSITIVE"	"N"	"LA "		"LOINC:94822-4 POSITIVE"	" "	"concept_cd"	"concept_dimension"	"concept_path"	"T"	"LIKE"	"\ACT\UMLS_C0031437\SNOMED_3947185011\UMLS_C0022885\UMLS_C1335447\LOINC_94822-4 POSITIVE\"	"ACT Version:V4.0_RC1, UMLS Version:2020AB, Term Type:LA, Valid:-, CUI:CUSTOM ONTOLOGY"	"COVID\ACT Phenotype\COVID-19 Related Terms\Diagnostic Laborator...aboratory Tests\ANY Active Infection...n Test Positive\LOINC:94822-4 POSITIVE\"	"@"	24-MAY-21	24-MAY-21	24-MAY-21	"ACT"	""	""	""	""
6	"\ACT\UMLS_C0031437\SNOMED_3947185011\UMLS_C0022885\UMLS_C1335447\LOINC_94845-5 POSITIVE\"	"LOINC:94845-5 POSITIVE"	"N"	"LA "		"LOINC:94845-5 POSITIVE"	" "	"concept_cd"	"concept_dimension"	"concept_path"	"T"	"LIKE"	"\ACT\UMLS_C0031437\SNOMED_3947185011\UMLS_C0022885\UMLS_C1335447\LOINC_94845-5 POSITIVE\"	"ACT Version:V4.0_RC1, UMLS Version:2020AB, Term Type:LA, Valid:-, CUI:CUSTOM ONTOLOGY"	"COVID\ACT Phenotype\COVID-19 Related Terms\Diagnostic Laborator...aboratory Tests\ANY Active Infection...n Test Positive\LOINC:94845-5 POSITIVE\"	"@"	24-MAY-21	24-MAY-21	24-MAY-21	"ACT"	""	""	""	""
6	"\ACT\UMLS_C0031437\SNOMED_3947185011\UMLS_C0022885\UMLS_C1335447\LOINC_95209-3 POSITIVE\"	"LOINC:95209-3 POSITIVE"	"N"	"LA "		"LOINC:95209-3 POSITIVE"	" "	"concept_cd"	"concept_dimension"	"concept_path"	"T"	"LIKE"	"\ACT\UMLS_C0031437\SNOMED_3947185011\UMLS_C0022885\UMLS_C1335447\LOINC_95209-3 POSITIVE\"	"ACT Version:V4.0_RC1, UMLS Version:2020AB, Term Type:LA, Valid:-, CUI:CUSTOM ONTOLOGY"	"COVID\ACT Phenotype\COVID-19 Related Terms\Diagnostic Laborator...aboratory Tests\ANY Active Infection...n Test Positive\LOINC:95209-3 POSITIVE\"	"@"	24-MAY-21	24-MAY-21	24-MAY-21	"ACT"	""	""	""	""
6	"\ACT\UMLS_C0031437\SNOMED_3947185011\UMLS_C0022885\UMLS_C1335447\LOINC_95406-5 POSITIVE\"	"LOINC:95406-5 POSITIVE"	"N"	"LA "		"LOINC:95406-5 POSITIVE"	" "	"concept_cd"	"concept_dimension"	"concept_path"	"T"	"LIKE"	"\ACT\UMLS_C0031437\SNOMED_3947185011\UMLS_C0022885\UMLS_C1335447\LOINC_95406-5 POSITIVE\"	"ACT Version:V4.0_RC1, UMLS Version:2020AB, Term Type:LA, Valid:-, CUI:CUSTOM ONTOLOGY"	"COVID\ACT Phenotype\COVID-19 Related Terms\Diagnostic Laborator...aboratory Tests\ANY Active Infection...n Test Positive\LOINC:95406-5 POSITIVE\"	"@"	24-MAY-21	24-MAY-21	24-MAY-21	"ACT"	""	""	""	""
6	"\ACT\UMLS_C0031437\SNOMED_3947185011\UMLS_C0022885\UMLS_C1335447\LOINC_95409-9 POSITIVE\"	"LOINC:95409-9 POSITIVE"	"N"	"LA "		"LOINC:95409-9 POSITIVE"	" "	"concept_cd"	"concept_dimension"	"concept_path"	"T"	"LIKE"	"\ACT\UMLS_C0031437\SNOMED_3947185011\UMLS_C0022885\UMLS_C1335447\LOINC_95409-9 POSITIVE\"	"ACT Version:V4.0_RC1, UMLS Version:2020AB, Term Type:LA, Valid:-, CUI:CUSTOM ONTOLOGY"	"COVID\ACT Phenotype\COVID-19 Related Terms\Diagnostic Laborator...aboratory Tests\ANY Active Infection...n Test Positive\LOINC:95409-9 POSITIVE\"	"@"	24-MAY-21	24-MAY-21	24-MAY-21	"ACT"	""	""	""	""
6	"\ACT\UMLS_C0031437\SNOMED_3947185011\UMLS_C0022885\UMLS_C1335447\LOINC_95423-0 POSITIVE\"	"LOINC:95423-0 POSITIVE"	"N"	"LA "		"LOINC:95423-0 POSITIVE"	" "	"concept_cd"	"concept_dimension"	"concept_path"	"T"	"LIKE"	"\ACT\UMLS_C0031437\SNOMED_3947185011\UMLS_C0022885\UMLS_C1335447\LOINC_95423-0 POSITIVE\"	"ACT Version:V4.0_RC1, UMLS Version:2020AB, Term Type:LA, Valid:-, CUI:CUSTOM ONTOLOGY"	"COVID\ACT Phenotype\COVID-19 Related Terms\Diagnostic Laborator...aboratory Tests\ANY Active Infection...n Test Positive\LOINC:95423-0 POSITIVE\"	"@"	24-MAY-21	24-MAY-21	24-MAY-21	"ACT"	""	""	""	""
6	"\ACT\UMLS_C0031437\SNOMED_3947185011\UMLS_C0022885\UMLS_C1335447\LOINC_95424-8 POSITIVE\"	"LOINC:95424-8 POSITIVE"	"N"	"LA "		"LOINC:95424-8 POSITIVE"	" "	"concept_cd"	"concept_dimension"	"concept_path"	"T"	"LIKE"	"\ACT\UMLS_C0031437\SNOMED_3947185011\UMLS_C0022885\UMLS_C1335447\LOINC_95424-8 POSITIVE\"	"ACT Version:V4.0_RC1, UMLS Version:2020AB, Term Type:LA, Valid:-, CUI:CUSTOM ONTOLOGY"	"COVID\ACT Phenotype\COVID-19 Related Terms\Diagnostic Laborator...aboratory Tests\ANY Active Infection...n Test Positive\LOINC:95424-8 POSITIVE\"	"@"	24-MAY-21	24-MAY-21	24-MAY-21	"ACT"	""	""	""	""
6	"\ACT\UMLS_C0031437\SNOMED_3947185011\UMLS_C0022885\UMLS_C1335447\LOINC_95425-5 POSITIVE\"	"LOINC:95425-5 POSITIVE"	"N"	"LA "		"LOINC:95425-5 POSITIVE"	" "	"concept_cd"	"concept_dimension"	"concept_path"	"T"	"LIKE"	"\ACT\UMLS_C0031437\SNOMED_3947185011\UMLS_C0022885\UMLS_C1335447\LOINC_95425-5 POSITIVE\"	"ACT Version:V4.0_RC1, UMLS Version:2020AB, Term Type:LA, Valid:-, CUI:CUSTOM ONTOLOGY"	"COVID\ACT Phenotype\COVID-19 Related Terms\Diagnostic Laborator...aboratory Tests\ANY Active Infection...n Test Positive\LOINC:95425-5 POSITIVE\"	"@"	24-MAY-21	24-MAY-21	24-MAY-21	"ACT"	""	""	""	""
6	"\ACT\UMLS_C0031437\SNOMED_3947185011\UMLS_C0022885\UMLS_C1335447\LOINC_95521-1 POSITIVE\"	"LOINC:95521-1 POSITIVE"	"N"	"LA "		"LOINC:95521-1 POSITIVE"	" "	"concept_cd"	"concept_dimension"	"concept_path"	"T"	"LIKE"	"\ACT\UMLS_C0031437\SNOMED_3947185011\UMLS_C0022885\UMLS_C1335447\LOINC_95521-1 POSITIVE\"	"ACT Version:V4.0_RC1, UMLS Version:2020AB, Term Type:LA, Valid:-, CUI:CUSTOM ONTOLOGY"	"COVID\ACT Phenotype\COVID-19 Related Terms\Diagnostic Laborator...aboratory Tests\ANY Active Infection...n Test Positive\LOINC:95521-1 POSITIVE\"	"@"	24-MAY-21	24-MAY-21	24-MAY-21	"ACT"	""	""	""	""
6	"\ACT\UMLS_C0031437\SNOMED_3947185011\UMLS_C0022885\UMLS_C1335447\LOINC_95522-9 POSITIVE\"	"LOINC:95522-9 POSITIVE"	"N"	"LA "		"LOINC:95522-9 POSITIVE"	" "	"concept_cd"	"concept_dimension"	"concept_path"	"T"	"LIKE"	"\ACT\UMLS_C0031437\SNOMED_3947185011\UMLS_C0022885\UMLS_C1335447\LOINC_95522-9 POSITIVE\"	"ACT Version:V4.0_RC1, UMLS Version:2020AB, Term Type:LA, Valid:-, CUI:CUSTOM ONTOLOGY"	"COVID\ACT Phenotype\COVID-19 Related Terms\Diagnostic Laborator...aboratory Tests\ANY Active Infection...n Test Positive\LOINC:95522-9 POSITIVE\"	"@"	24-MAY-21	24-MAY-21	24-MAY-21	"ACT"	""	""	""	""
6	"\ACT\UMLS_C0031437\SNOMED_3947185011\UMLS_C0022885\UMLS_C1335447\LOINC_95608-6 POSITIVE\"	"LOINC:95608-6 POSITIVE"	"N"	"LA "		"LOINC:95608-6 POSITIVE"	" "	"concept_cd"	"concept_dimension"	"concept_path"	"T"	"LIKE"	"\ACT\UMLS_C0031437\SNOMED_3947185011\UMLS_C0022885\UMLS_C1335447\LOINC_95608-6 POSITIVE\"	"ACT Version:V4.0_RC1, UMLS Version:2020AB, Term Type:LA, Valid:-, CUI:CUSTOM ONTOLOGY"	"COVID\ACT Phenotype\COVID-19 Related Terms\Diagnostic Laborator...aboratory Tests\ANY Active Infection...n Test Positive\LOINC:95608-6 POSITIVE\"	"@"	24-MAY-21	24-MAY-21	24-MAY-21	"ACT"	""	""	""	""
6	"\ACT\UMLS_C0031437\SNOMED_3947185011\UMLS_C0022885\UMLS_C1335447\LOINC_95609-4 POSITIVE\"	"LOINC:95609-4 POSITIVE"	"N"	"LA "		"LOINC:95609-4 POSITIVE"	" "	"concept_cd"	"concept_dimension"	"concept_path"	"T"	"LIKE"	"\ACT\UMLS_C0031437\SNOMED_3947185011\UMLS_C0022885\UMLS_C1335447\LOINC_95609-4 POSITIVE\"	"ACT Version:V4.0_RC1, UMLS Version:2020AB, Term Type:LA, Valid:-, CUI:CUSTOM ONTOLOGY"	"COVID\ACT Phenotype\COVID-19 Related Terms\Diagnostic Laborator...aboratory Tests\ANY Active Infection...n Test Positive\LOINC:95609-4 POSITIVE\"	"@"	24-MAY-21	24-MAY-21	24-MAY-21	"ACT"	""	""	""	""
6	"\ACT\UMLS_C0031437\SNOMED_3947185011\UMLS_C0022885\UMLS_C1335447\LOINC_95823-1 POSITIVE\"	"LOINC:95823-1 POSITIVE"	"N"	"LA "		"LOINC:95823-1 POSITIVE"	" "	"concept_cd"	"concept_dimension"	"concept_path"	"T"	"LIKE"	"\ACT\UMLS_C0031437\SNOMED_3947185011\UMLS_C0022885\UMLS_C1335447\LOINC_95823-1 POSITIVE\"	"ACT Version:V4.0_RC1, UMLS Version:2020AB, Term Type:LA, Valid:-, CUI:CUSTOM ONTOLOGY"	"COVID\ACT Phenotype\COVID-19 Related Terms\Diagnostic Laborator...aboratory Tests\ANY Active Infection...n Test Positive\LOINC:95823-1 POSITIVE\"	"@"	24-MAY-21	24-MAY-21	24-MAY-21	"ACT"	""	""	""	""
6	"\ACT\UMLS_C0031437\SNOMED_3947185011\UMLS_C0022885\UMLS_C1335447\LOINC_95824-9 POSITIVE\"	"LOINC:95824-9 POSITIVE"	"N"	"LA "		"LOINC:95824-9 POSITIVE"	" "	"concept_cd"	"concept_dimension"	"concept_path"	"T"	"LIKE"	"\ACT\UMLS_C0031437\SNOMED_3947185011\UMLS_C0022885\UMLS_C1335447\LOINC_95824-9 POSITIVE\"	"ACT Version:V4.0_RC1, UMLS Version:2020AB, Term Type:LA, Valid:-, CUI:CUSTOM ONTOLOGY"	"COVID\ACT Phenotype\COVID-19 Related Terms\Diagnostic Laborator...aboratory Tests\ANY Active Infection...n Test Positive\LOINC:95824-9 POSITIVE\"	"@"	24-MAY-21	24-MAY-21	24-MAY-21	"ACT"	""	""	""	""
6	"\ACT\UMLS_C0031437\SNOMED_3947185011\UMLS_C0022885\UMLS_C1335447\LOINC_95970-0 POSITIVE\"	"LOINC:95970-0 POSITIVE"	"N"	"LA "		"LOINC:95970-0 POSITIVE"	" "	"concept_cd"	"concept_dimension"	"concept_path"	"T"	"LIKE"	"\ACT\UMLS_C0031437\SNOMED_3947185011\UMLS_C0022885\UMLS_C1335447\LOINC_95970-0 POSITIVE\"	"ACT Version:V4.0_RC1, UMLS Version:2020AB, Term Type:LA, Valid:-, CUI:CUSTOM ONTOLOGY"	"COVID\ACT Phenotype\COVID-19 Related Terms\Diagnostic Laborator...aboratory Tests\ANY Active Infection...n Test Positive\LOINC:95970-0 POSITIVE\"	"@"	24-MAY-21	24-MAY-21	24-MAY-21	"ACT"	""	""	""	""
6	"\ACT\UMLS_C0031437\SNOMED_3947185011\UMLS_C0022885\UMLS_C1335447\LOINC_96091-4 POSITIVE\"	"LOINC:96091-4 POSITIVE"	"N"	"LA "		"LOINC:96091-4 POSITIVE"	" "	"concept_cd"	"concept_dimension"	"concept_path"	"T"	"LIKE"	"\ACT\UMLS_C0031437\SNOMED_3947185011\UMLS_C0022885\UMLS_C1335447\LOINC_96091-4 POSITIVE\"	"ACT Version:V4.0_RC1, UMLS Version:2020AB, Term Type:LA, Valid:-, CUI:CUSTOM ONTOLOGY"	"COVID\ACT Phenotype\COVID-19 Related Terms\Diagnostic Laborator...aboratory Tests\ANY Active Infection...n Test Positive\LOINC:96091-4 POSITIVE\"	"@"	24-MAY-21	24-MAY-21	24-MAY-21	"ACT"	""	""	""	""
6	"\ACT\UMLS_C0031437\SNOMED_3947185011\UMLS_C0022885\UMLS_C1335447\LOINC_96120-1 POSITIVE\"	"LOINC:96120-1 POSITIVE"	"N"	"LA "		"LOINC:96120-1 POSITIVE"	" "	"concept_cd"	"concept_dimension"	"concept_path"	"T"	"LIKE"	"\ACT\UMLS_C0031437\SNOMED_3947185011\UMLS_C0022885\UMLS_C1335447\LOINC_96120-1 POSITIVE\"	"ACT Version:V4.0_RC1, UMLS Version:2020AB, Term Type:LA, Valid:-, CUI:CUSTOM ONTOLOGY"	"COVID\ACT Phenotype\COVID-19 Related Terms\Diagnostic Laborator...aboratory Tests\ANY Active Infection...n Test Positive\LOINC:96120-1 POSITIVE\"	"@"	24-MAY-21	24-MAY-21	24-MAY-21	"ACT"	""	""	""	""
6	"\ACT\UMLS_C0031437\SNOMED_3947185011\UMLS_C0022885\UMLS_C1335447\LOINC_96121-9 POSITIVE\"	"LOINC:96121-9 POSITIVE"	"N"	"LA "		"LOINC:96121-9 POSITIVE"	" "	"concept_cd"	"concept_dimension"	"concept_path"	"T"	"LIKE"	"\ACT\UMLS_C0031437\SNOMED_3947185011\UMLS_C0022885\UMLS_C1335447\LOINC_96121-9 POSITIVE\"	"ACT Version:V4.0_RC1, UMLS Version:2020AB, Term Type:LA, Valid:-, CUI:CUSTOM ONTOLOGY"	"COVID\ACT Phenotype\COVID-19 Related Terms\Diagnostic Laborator...aboratory Tests\ANY Active Infection...n Test Positive\LOINC:96121-9 POSITIVE\"	"@"	24-MAY-21	24-MAY-21	24-MAY-21	"ACT"	""	""	""	""
6	"\ACT\UMLS_C0031437\SNOMED_3947185011\UMLS_C0022885\UMLS_C1335447\LOINC_96122-7 POSITIVE\"	"LOINC:96122-7 POSITIVE"	"N"	"LA "		"LOINC:96122-7 POSITIVE"	" "	"concept_cd"	"concept_dimension"	"concept_path"	"T"	"LIKE"	"\ACT\UMLS_C0031437\SNOMED_3947185011\UMLS_C0022885\UMLS_C1335447\LOINC_96122-7 POSITIVE\"	"ACT Version:V4.0_RC1, UMLS Version:2020AB, Term Type:LA, Valid:-, CUI:CUSTOM ONTOLOGY"	"COVID\ACT Phenotype\COVID-19 Related Terms\Diagnostic Laborator...aboratory Tests\ANY Active Infection...n Test Positive\LOINC:96122-7 POSITIVE\"	"@"	24-MAY-21	24-MAY-21	24-MAY-21	"ACT"	""	""	""	""
6	"\ACT\UMLS_C0031437\SNOMED_3947185011\UMLS_C0022885\UMLS_C1335447\LOINC_96123-5 POSITIVE\"	"LOINC:96123-5 POSITIVE"	"N"	"LA "		"LOINC:96123-5 POSITIVE"	" "	"concept_cd"	"concept_dimension"	"concept_path"	"T"	"LIKE"	"\ACT\UMLS_C0031437\SNOMED_3947185011\UMLS_C0022885\UMLS_C1335447\LOINC_96123-5 POSITIVE\"	"ACT Version:V4.0_RC1, UMLS Version:2020AB, Term Type:LA, Valid:-, CUI:CUSTOM ONTOLOGY"	"COVID\ACT Phenotype\COVID-19 Related Terms\Diagnostic Laborator...aboratory Tests\ANY Active Infection...n Test Positive\LOINC:96123-5 POSITIVE\"	"@"	24-MAY-21	24-MAY-21	24-MAY-21	"ACT"	""	""	""	""
6	"\ACT\UMLS_C0031437\SNOMED_3947185011\UMLS_C0022885\UMLS_C1335447\LOINC_96448-6 POSITIVE\"	"LOINC:96448-6 POSITIVE"	"N"	"LA "		"LOINC:96448-6 POSITIVE"	" "	"concept_cd"	"concept_dimension"	"concept_path"	"T"	"LIKE"	"\ACT\UMLS_C0031437\SNOMED_3947185011\UMLS_C0022885\UMLS_C1335447\LOINC_96448-6 POSITIVE\"	"ACT Version:V4.0_RC1, UMLS Version:2020AB, Term Type:LA, Valid:-, CUI:CUSTOM ONTOLOGY"	"COVID\ACT Phenotype\COVID-19 Related Terms\Diagnostic Laborator...aboratory Tests\ANY Active Infection...n Test Positive\LOINC:96448-6 POSITIVE\"	"@"	24-MAY-21	24-MAY-21	24-MAY-21	"ACT"	""	""	""	""
6	"\ACT\UMLS_C0031437\SNOMED_3947185011\UMLS_C0022885\UMLS_C1335447\LOINC_96741-4 POSITIVE\"	"LOINC:96741-4 POSITIVE"	"N"	"LA "		"LOINC:96741-4 POSITIVE"	" "	"concept_cd"	"concept_dimension"	"concept_path"	"T"	"LIKE"	"\ACT\UMLS_C0031437\SNOMED_3947185011\UMLS_C0022885\UMLS_C1335447\LOINC_96741-4 POSITIVE\"	"ACT Version:V4.0_RC1, UMLS Version:2020AB, Term Type:LA, Valid:-, CUI:CUSTOM ONTOLOGY"	"COVID\ACT Phenotype\COVID-19 Related Terms\Diagnostic Laborator...aboratory Tests\ANY Active Infection...n Test Positive\LOINC:96741-4 POSITIVE\"	"@"	24-MAY-21	24-MAY-21	24-MAY-21	"ACT"	""	""	""	""
6	"\ACT\UMLS_C0031437\SNOMED_3947185011\UMLS_C0022885\UMLS_C1335447\LOINC_96741-4 POSITIVE\"	"LOINC:96741-4 POSITIVE"	"N"	"LA "		"LOINC:96741-4 POSITIVE"	""	"concept_cd"	"concept_dimension"	"concept_path"	"T"	"LIKE"	"\ACT\UMLS_C0031437\SNOMED_3947185011\UMLS_C0022885\UMLS_C1335447\LOINC_96741-4 POSITIVE\"	"V4 diagnostic test"	"ACT Phenotype\COVID-19 Related Terms\Diagnostic Lab Tests\ANY Active Lab Test Positive"	"@"	28-FEB-23	28-FEB-23	28-FEB-23	"ACT 2.7"	""	""	""	""
6	"\ACT\UMLS_C0031437\SNOMED_3947185011\UMLS_C0022885\UMLS_C1335447\LOINC_96751-3 POSITIVE\"	"LOINC:96751-3 POSITIVE"	"N"	"LA "		"LOINC:96751-3 POSITIVE"	" "	"concept_cd"	"concept_dimension"	"concept_path"	"T"	"LIKE"	"\ACT\UMLS_C0031437\SNOMED_3947185011\UMLS_C0022885\UMLS_C1335447\LOINC_96751-3 POSITIVE\"	"ACT Version:V4.0_RC1, UMLS Version:2020AB, Term Type:LA, Valid:-, CUI:CUSTOM ONTOLOGY"	"COVID\ACT Phenotype\COVID-19 Related Terms\Diagnostic Laborator...aboratory Tests\ANY Active Infection...n Test Positive\LOINC:96751-3 POSITIVE\"	"@"	24-MAY-21	24-MAY-21	24-MAY-21	"ACT"	""	""	""	""
6	"\ACT\UMLS_C0031437\SNOMED_3947185011\UMLS_C0022885\UMLS_C1335447\LOINC_96751-3 POSITIVE\"	"LOINC:96751-3 POSITIVE"	"N"	"LA "		"LOINC:96751-3 POSITIVE"	""	"concept_cd"	"concept_dimension"	"concept_path"	"T"	"LIKE"	"\ACT\UMLS_C0031437\SNOMED_3947185011\UMLS_C0022885\UMLS_C1335447\LOINC_96751-3 POSITIVE\"	"V4 diagnostic test"	"ACT Phenotype\COVID-19 Related Terms\Diagnostic Lab Tests\ANY Active Lab Test Positive"	"@"	28-FEB-23	28-FEB-23	28-FEB-23	"ACT 2.7"	""	""	""	""
6	"\ACT\UMLS_C0031437\SNOMED_3947185011\UMLS_C0022885\UMLS_C1335447\LOINC_96752-1 POSITIVE\"	"LOINC:96752-1 POSITIVE"	"N"	"LA "		"LOINC:96752-1 POSITIVE"	" "	"concept_cd"	"concept_dimension"	"concept_path"	"T"	"LIKE"	"\ACT\UMLS_C0031437\SNOMED_3947185011\UMLS_C0022885\UMLS_C1335447\LOINC_96752-1 POSITIVE\"	"ACT Version:V4.0_RC1, UMLS Version:2020AB, Term Type:LA, Valid:-, CUI:CUSTOM ONTOLOGY"	"COVID\ACT Phenotype\COVID-19 Related Terms\Diagnostic Laborator...aboratory Tests\ANY Active Infection...n Test Positive\LOINC:96752-1 POSITIVE\"	"@"	24-MAY-21	24-MAY-21	24-MAY-21	"ACT"	""	""	""	""
6	"\ACT\UMLS_C0031437\SNOMED_3947185011\UMLS_C0022885\UMLS_C1335447\LOINC_96752-1 POSITIVE\"	"LOINC:96752-1 POSITIVE"	"N"	"LA "		"LOINC:96752-1 POSITIVE"	""	"concept_cd"	"concept_dimension"	"concept_path"	"T"	"LIKE"	"\ACT\UMLS_C0031437\SNOMED_3947185011\UMLS_C0022885\UMLS_C1335447\LOINC_96752-1 POSITIVE\"	"V4 diagnostic test"	"ACT Phenotype\COVID-19 Related Terms\Diagnostic Lab Tests\ANY Active Lab Test Positive"	"@"	28-FEB-23	28-FEB-23	28-FEB-23	"ACT 2.7"	""	""	""	""
6	"\ACT\UMLS_C0031437\SNOMED_3947185011\UMLS_C0022885\UMLS_C1335447\LOINC_96763-8 POSITIVE\"	"LOINC:96763-8 POSITIVE"	"N"	"LA "		"LOINC:96763-8 POSITIVE"	""	"concept_cd"	"concept_dimension"	"concept_path"	"T"	"LIKE"	"\ACT\UMLS_C0031437\SNOMED_3947185011\UMLS_C0022885\UMLS_C1335447\LOINC_96763-8 POSITIVE\"	"V4 diagnostic test"	"ACT Phenotype\COVID-19 Related Terms\Diagnostic Lab Tests\ANY Active Lab Test Positive"	"@"	28-FEB-23	28-FEB-23	28-FEB-23	"ACT 2.7"	""	""	""	""
6	"\ACT\UMLS_C0031437\SNOMED_3947185011\UMLS_C0022885\UMLS_C1335447\LOINC_96765-3 POSITIVE\"	"LOINC:96765-3 POSITIVE"	"N"	"LA "		"LOINC:96765-3 POSITIVE"	""	"concept_cd"	"concept_dimension"	"concept_path"	"T"	"LIKE"	"\ACT\UMLS_C0031437\SNOMED_3947185011\UMLS_C0022885\UMLS_C1335447\LOINC_96765-3 POSITIVE\"	"V4 diagnostic test"	"ACT Phenotype\COVID-19 Related Terms\Diagnostic Lab Tests\ANY Active Lab Test Positive"	"@"	28-FEB-23	28-FEB-23	28-FEB-23	"ACT 2.7"	""	""	""	""
6	"\ACT\UMLS_C0031437\SNOMED_3947185011\UMLS_C0022885\UMLS_C1335447\LOINC_96797-6 POSITIVE\"	"LOINC:96797-6 POSITIVE"	"N"	"LA "		"LOINC:96797-6 POSITIVE"	""	"concept_cd"	"concept_dimension"	"concept_path"	"T"	"LIKE"	"\ACT\UMLS_C0031437\SNOMED_3947185011\UMLS_C0022885\UMLS_C1335447\LOINC_96797-6 POSITIVE\"	"V4 diagnostic test"	"ACT Phenotype\COVID-19 Related Terms\Diagnostic Lab Tests\ANY Active Lab Test Positive"	"@"	28-FEB-23	28-FEB-23	28-FEB-23	"ACT 2.7"	""	""	""	""
6	"\ACT\UMLS_C0031437\SNOMED_3947185011\UMLS_C0022885\UMLS_C1335447\LOINC_96829-7 POSITIVE\"	"LOINC:96829-7 POSITIVE"	"N"	"LA "		"LOINC:96829-7 POSITIVE"	""	"concept_cd"	"concept_dimension"	"concept_path"	"T"	"LIKE"	"\ACT\UMLS_C0031437\SNOMED_3947185011\UMLS_C0022885\UMLS_C1335447\LOINC_96829-7 POSITIVE\"	"V4 diagnostic test"	"ACT Phenotype\COVID-19 Related Terms\Diagnostic Lab Tests\ANY Active Lab Test Positive"	"@"	28-FEB-23	28-FEB-23	28-FEB-23	"ACT 2.7"	""	""	""	""
6	"\ACT\UMLS_C0031437\SNOMED_3947185011\UMLS_C0022885\UMLS_C1335447\LOINC_96895-8 POSITIVE\"	"LOINC:96895-8 POSITIVE"	"N"	"LA "		"LOINC:96895-8 POSITIVE"	""	"concept_cd"	"concept_dimension"	"concept_path"	"T"	"LIKE"	"\ACT\UMLS_C0031437\SNOMED_3947185011\UMLS_C0022885\UMLS_C1335447\LOINC_96895-8 POSITIVE\"	"V4 diagnostic test"	"ACT Phenotype\COVID-19 Related Terms\Diagnostic Lab Tests\ANY Active Lab Test Positive"	"@"	28-FEB-23	28-FEB-23	28-FEB-23	"ACT 2.7"	""	""	""	""
6	"\ACT\UMLS_C0031437\SNOMED_3947185011\UMLS_C0022885\UMLS_C1335447\LOINC_96896-6 POSITIVE\"	"LOINC:96896-6 POSITIVE"	"N"	"LA "		"LOINC:96896-6 POSITIVE"	""	"concept_cd"	"concept_dimension"	"concept_path"	"T"	"LIKE"	"\ACT\UMLS_C0031437\SNOMED_3947185011\UMLS_C0022885\UMLS_C1335447\LOINC_96896-6 POSITIVE\"	"V4 diagnostic test"	"ACT Phenotype\COVID-19 Related Terms\Diagnostic Lab Tests\ANY Active Lab Test Positive"	"@"	28-FEB-23	28-FEB-23	28-FEB-23	"ACT 2.7"	""	""	""	""
6	"\ACT\UMLS_C0031437\SNOMED_3947185011\UMLS_C0022885\UMLS_C1335447\LOINC_96957-6 POSITIVE\"	"LOINC:96957-6 POSITIVE"	"N"	"LA "		"LOINC:96957-6 POSITIVE"	""	"concept_cd"	"concept_dimension"	"concept_path"	"T"	"LIKE"	"\ACT\UMLS_C0031437\SNOMED_3947185011\UMLS_C0022885\UMLS_C1335447\LOINC_96957-6 POSITIVE\"	"V4 diagnostic test"	"ACT Phenotype\COVID-19 Related Terms\Diagnostic Lab Tests\ANY Active Lab Test Positive"	"@"	28-FEB-23	28-FEB-23	28-FEB-23	"ACT 2.7"	""	""	""	""
6	"\ACT\UMLS_C0031437\SNOMED_3947185011\UMLS_C0022885\UMLS_C1335447\LOINC_96958-4 POSITIVE\"	"LOINC:96958-4 POSITIVE"	"N"	"LA "		"LOINC:96958-4 POSITIVE"	""	"concept_cd"	"concept_dimension"	"concept_path"	"T"	"LIKE"	"\ACT\UMLS_C0031437\SNOMED_3947185011\UMLS_C0022885\UMLS_C1335447\LOINC_96958-4 POSITIVE\"	"V4 diagnostic test"	"ACT Phenotype\COVID-19 Related Terms\Diagnostic Lab Tests\ANY Active Lab Test Positive"	"@"	28-FEB-23	28-FEB-23	28-FEB-23	"ACT 2.7"	""	""	""	""
6	"\ACT\UMLS_C0031437\SNOMED_3947185011\UMLS_C0022885\UMLS_C1335447\LOINC_96986-5 POSITIVE\"	"LOINC:96986-5 POSITIVE"	"N"	"LA "		"LOINC:96986-5 POSITIVE"	""	"concept_cd"	"concept_dimension"	"concept_path"	"T"	"LIKE"	"\ACT\UMLS_C0031437\SNOMED_3947185011\UMLS_C0022885\UMLS_C1335447\LOINC_96986-5 POSITIVE\"	"V4 diagnostic test"	"ACT Phenotype\COVID-19 Related Terms\Diagnostic Lab Tests\ANY Active Lab Test Positive"	"@"	28-FEB-23	28-FEB-23	28-FEB-23	"ACT 2.7"	""	""	""	""
6	"\ACT\UMLS_C0031437\SNOMED_3947185011\UMLS_C0022885\UMLS_C1335447\LOINC_97097-0 POSITIVE\"	"LOINC:97097-0 POSITIVE"	"N"	"LA "		"LOINC:97097-0 POSITIVE"	""	"concept_cd"	"concept_dimension"	"concept_path"	"T"	"LIKE"	"\ACT\UMLS_C0031437\SNOMED_3947185011\UMLS_C0022885\UMLS_C1335447\LOINC_97097-0 POSITIVE\"	"V4 diagnostic test"	"ACT Phenotype\COVID-19 Related Terms\Diagnostic Lab Tests\ANY Active Lab Test Positive"	"@"	28-FEB-23	28-FEB-23	28-FEB-23	"ACT 2.7"	""	""	""	""
6	"\ACT\UMLS_C0031437\SNOMED_3947185011\UMLS_C0022885\UMLS_C1335447\LOINC_97098-8 POSITIVE\"	"LOINC:97098-8 POSITIVE"	"N"	"LA "		"LOINC:97098-8 POSITIVE"	""	"concept_cd"	"concept_dimension"	"concept_path"	"T"	"LIKE"	"\ACT\UMLS_C0031437\SNOMED_3947185011\UMLS_C0022885\UMLS_C1335447\LOINC_97098-8 POSITIVE\"	"V4 diagnostic test"	"ACT Phenotype\COVID-19 Related Terms\Diagnostic Lab Tests\ANY Active Lab Test Positive"	"@"	28-FEB-23	28-FEB-23	28-FEB-23	"ACT 2.7"	""	""	""	""
6	"\ACT\UMLS_C0031437\SNOMED_3947185011\UMLS_C0022885\UMLS_C1335447\LOINC_98131-6 POSITIVE\"	"LOINC:98131-6 POSITIVE"	"N"	"LA "		"LOINC:98131-6 POSITIVE"	""	"concept_cd"	"concept_dimension"	"concept_path"	"T"	"LIKE"	"\ACT\UMLS_C0031437\SNOMED_3947185011\UMLS_C0022885\UMLS_C1335447\LOINC_98131-6 POSITIVE\"	"V4 diagnostic test"	"ACT Phenotype\COVID-19 Related Terms\Diagnostic Lab Tests\ANY Active Lab Test Positive"	"@"	28-FEB-23	28-FEB-23	28-FEB-23	"ACT 2.71"	""	""	""	""
6	"\ACT\UMLS_C0031437\SNOMED_3947185011\UMLS_C0022885\UMLS_C1335447\LOINC_98132-4 POSITIVE\"	"LOINC:98132-4 POSITIVE"	"N"	"LA "		"LOINC:98132-4 POSITIVE"	""	"concept_cd"	"concept_dimension"	"concept_path"	"T"	"LIKE"	"\ACT\UMLS_C0031437\SNOMED_3947185011\UMLS_C0022885\UMLS_C1335447\LOINC_98132-4 POSITIVE\"	"V4 diagnostic test"	"ACT Phenotype\COVID-19 Related Terms\Diagnostic Lab Tests\ANY Active Lab Test Positive"	"@"	28-FEB-23	28-FEB-23	28-FEB-23	"ACT 2.71"	""	""	""	""
6	"\ACT\UMLS_C0031437\SNOMED_3947185011\UMLS_C0022885\UMLS_C1335447\LOINC_98493-0 POSITIVE\"	"LOINC:98493-0 POSITIVE"	"N"	"LA "		"LOINC:98493-0 POSITIVE"	""	"concept_cd"	"concept_dimension"	"concept_path"	"T"	"LIKE"	"\ACT\UMLS_C0031437\SNOMED_3947185011\UMLS_C0022885\UMLS_C1335447\LOINC_98493-0 POSITIVE\"	"V4 diagnostic test"	"ACT Phenotype\COVID-19 Related Terms\Diagnostic Lab Tests\ANY Active Lab Test Positive"	"@"	28-FEB-23	28-FEB-23	28-FEB-23	"ACT 2.71"	""	""	""	""
6	"\ACT\UMLS_C0031437\SNOMED_3947185011\UMLS_C0022885\UMLS_C1335447\LOINC_98494-8 POSITIVE\"	"LOINC:98494-8 POSITIVE"	"N"	"LA "		"LOINC:98494-8 POSITIVE"	""	"concept_cd"	"concept_dimension"	"concept_path"	"T"	"LIKE"	"\ACT\UMLS_C0031437\SNOMED_3947185011\UMLS_C0022885\UMLS_C1335447\LOINC_98494-8 POSITIVE\"	"V4 diagnostic test"	"ACT Phenotype\COVID-19 Related Terms\Diagnostic Lab Tests\ANY Active Lab Test Positive"	"@"	28-FEB-23	28-FEB-23	28-FEB-23	"ACT 2.71"	""	""	""	""
6	"\ACT\UMLS_C0031437\SNOMED_3947185011\UMLS_C0022885\UMLS_C1335447\LOINC_99314-7 POSITIVE\"	"LOINC:99314-7 POSITIVE"	"N"	"LA "		"LOINC:99314-7 POSITIVE"	""	"concept_cd"	"concept_dimension"	"concept_path"	"T"	"LIKE"	"\ACT\UMLS_C0031437\SNOMED_3947185011\UMLS_C0022885\UMLS_C1335447\LOINC_99314-7 POSITIVE\"	"V4 diagnostic test"	"ACT Phenotype\COVID-19 Related Terms\Diagnostic Lab Tests\ANY Active Lab Test Positive"	"@"	28-FEB-23	28-FEB-23	28-FEB-23	"ACT 2.72"	""	""	""	""
6	"\ACT\UMLS_C0031437\SNOMED_3947185011\UMLS_C0022885\UMLS_C1335447\LOINC_99772-6 POSITIVE\"	"LOINC:99772-6 POSITIVE"	"N"	"LA "		"LOINC:99772-6 POSITIVE"	""	"concept_cd"	"concept_dimension"	"concept_path"	"T"	"LIKE"	"\ACT\UMLS_C0031437\SNOMED_3947185011\UMLS_C0022885\UMLS_C1335447\LOINC_99772-6 POSITIVE\"	"V4 diagnostic test"	"ACT Phenotype\COVID-19 Related Terms\Diagnostic Lab Tests\ANY Active Lab Test Positive"	"@"	28-FEB-23	28-FEB-23	28-FEB-23	"ACT 2.72"	""	""	""	""
